{
  "type": "binary_processing_group",
  "error":        0,
  "reports":      [{
                  "type": "camera_calibration",
                  "ver":  "0.0.0.0",
                  "error":        0,
                  "K0":	1.000016666021752,
                  "K1":	0.00021596698377143974,
                  "K2":	-7.25690754403307e-05,
                  "ppb2b":	117.47664642333984,
                  "mmpb2b":       1.1727,
                  "RNormalFactor":        1296,
                  "calibrationCenter":    {
                          "x":    1295,
                          "y":    971
                  }
          }]
}



