{
  "type": "binary_processing_group",
  "error":        0,
  "reports":      [{
                  "type": "camera_calibration",
                  "ver":  "0.0.0.0",
                  "error":        0,
                  "K0":	0.9900287161718563,
                  "K1":	0.022,
                  "K2":	0.009714168615622226,
                  "ppb2b":	62.14124298095703,
                  "mmpb2b":       0.625336928448,
                  "RNormalFactor":        2160,
                  "calibrationCenter":    {
                          "x":    1196.4815673828125,
                          "y":    1007.2237548828125
                  }
          }]
}

