{
  "type": "binary_processing_group",
  "error":        0,
  "reports":      [{
                  "type": "camera_calibration",
                  "ver":  "0.0.0.0",
                  "error":        0,
                  "K0":   0.98980539535318857,
                  "K1":   0.0114629687743454,
                  "K2":   -0.00022051701851142836,
                  "ppb2b":        116.17713928222656,
                  "mmpb2b":       1.1723,
                  "RNormalFactor":        1296,
                  "calibrationCenter":    {
                          "x":    1295,
                          "y":    971
                  }
          }]
}